danceability,energy,key,loudness,mode,speechiness,acousticness,instrumentalness,liveness,valence,tempo,type,id,uri,track_href,analysis_url,duration_ms,time_signature,genre,song_name,Unnamed: 0,title
0.903,0.643,10,-5.669,0,0.0929,0.19699999999999998,0.0,0.111,0.22399999999999998,220.00599999999997,audio_features,5sqYbITLDDODlliFFgkITW,spotify:track:5sqYbITLDDODlliFFgkITW,https://api.spotify.com/v1/tracks/5sqYbITLDDODlliFFgkITW,https://api.spotify.com/v1/audio-analysis/5sqYbITLDDODlliFFgkITW,106971,4,Dark Trap,Putrid Pride,,
0.792,0.512,2,-6.875,1,0.0408,0.13,8.82e-05,0.14,0.11,113.978,audio_features,23GLgk0r6rKVCic7cCFArg,spotify:track:23GLgk0r6rKVCic7cCFArg,https://api.spotify.com/v1/tracks/23GLgk0r6rKVCic7cCFArg,https://api.spotify.com/v1/audio-analysis/23GLgk0r6rKVCic7cCFArg,168490,4,Dark Trap,"...And To Those I Love, Thanks For Sticking Around",,
0.585,0.47100000000000003,4,-9.934,0,0.0616,0.0967,0.0184,0.115,0.32299999999999995,186.19799999999998,audio_features,30bqVoKjX479ab90a8Pafp,spotify:track:30bqVoKjX479ab90a8Pafp,https://api.spotify.com/v1/tracks/30bqVoKjX479ab90a8Pafp,https://api.spotify.com/v1/audio-analysis/30bqVoKjX479ab90a8Pafp,142000,4,Dark Trap,Star Shopping,,
0.642,0.5379999999999999,8,-7.206,1,0.0696,0.0242,0.0,0.273,0.57,143.921,audio_features,1Z8gpnzgTFQKAwmV43iLBB,spotify:track:1Z8gpnzgTFQKAwmV43iLBB,https://api.spotify.com/v1/tracks/1Z8gpnzgTFQKAwmV43iLBB,https://api.spotify.com/v1/audio-analysis/1Z8gpnzgTFQKAwmV43iLBB,150160,4,Dark Trap,witchblades,,
0.8490000000000001,0.526,1,-8.533999999999999,1,0.4,0.0347,0.0,0.147,0.228,127.01299999999999,audio_features,0sTqy0kzb46bWacthVOvMv,spotify:track:0sTqy0kzb46bWacthVOvMv,https://api.spotify.com/v1/tracks/0sTqy0kzb46bWacthVOvMv,https://api.spotify.com/v1/audio-analysis/0sTqy0kzb46bWacthVOvMv,123366,4,Dark Trap,Fun & Games (Freestyle),,
0.579,0.606,5,-9.992,0,0.16699999999999998,0.6459999999999999,7.730000000000001e-05,0.11800000000000001,0.39,141.931,audio_features,3Zr94PmuGyRfNFxMpm6zHU,spotify:track:3Zr94PmuGyRfNFxMpm6zHU,https://api.spotify.com/v1/tracks/3Zr94PmuGyRfNFxMpm6zHU,https://api.spotify.com/v1/audio-analysis/3Zr94PmuGyRfNFxMpm6zHU,177119,4,Dark Trap,TOO MANY,,
0.722,0.654,9,-7.115,1,0.0279,0.65,0.00213,0.13699999999999998,0.55,119.93,audio_features,6tFWMs2FJMi4loy4XlR8bz,spotify:track:6tFWMs2FJMi4loy4XlR8bz,https://api.spotify.com/v1/tracks/6tFWMs2FJMi4loy4XlR8bz,https://api.spotify.com/v1/audio-analysis/6tFWMs2FJMi4loy4XlR8bz,128000,4,Dark Trap,Nothing,,
0.84,0.547,11,-5.364,0,0.335,0.168,0.0,0.165,0.718,140.00799999999998,audio_features,1U8JTLTKEJf4dE3KzRWFCY,spotify:track:1U8JTLTKEJf4dE3KzRWFCY,https://api.spotify.com/v1/tracks/1U8JTLTKEJf4dE3KzRWFCY,https://api.spotify.com/v1/audio-analysis/1U8JTLTKEJf4dE3KzRWFCY,137222,4,Dark Trap,Killa (feat. Yung Bans),,
0.638,0.461,8,-13.159,1,0.0557,0.46,0.000735,0.085,0.13,178.03599999999997,audio_features,4ydpvDukq1oyeY4p48BjR0,spotify:track:4ydpvDukq1oyeY4p48BjR0,https://api.spotify.com/v1/tracks/4ydpvDukq1oyeY4p48BjR0,https://api.spotify.com/v1/audio-analysis/4ydpvDukq1oyeY4p48BjR0,143893,4,Dark Trap,Masochist,,
0.77,0.609,9,-6.38,1,0.37200000000000005,0.00624,0.000121,0.128,0.293,140.15,audio_features,3PLHEJsJTGsDg2ExhxZetY,spotify:track:3PLHEJsJTGsDg2ExhxZetY,https://api.spotify.com/v1/tracks/3PLHEJsJTGsDg2ExhxZetY,https://api.spotify.com/v1/audio-analysis/3PLHEJsJTGsDg2ExhxZetY,93727,4,Dark Trap,Voltage,,
0.733,0.754,8,-5.805,1,0.275,0.16399999999999998,0.0,0.139,0.7190000000000001,159.947,audio_features,3a5Jt4Be7cM8zWUxPYmLNj,spotify:track:3a5Jt4Be7cM8zWUxPYmLNj,https://api.spotify.com/v1/tracks/3a5Jt4Be7cM8zWUxPYmLNj,https://api.spotify.com/v1/audio-analysis/3a5Jt4Be7cM8zWUxPYmLNj,117000,4,Dark Trap,PROUD PUPPY LOVER!,,
0.899,0.565,1,-7.916,1,0.568,0.0491,0.0,0.33299999999999996,0.774,143.96,audio_features,3uj50lC8DoTGGnOxadFtUs,spotify:track:3uj50lC8DoTGGnOxadFtUs,https://api.spotify.com/v1/tracks/3uj50lC8DoTGGnOxadFtUs,https://api.spotify.com/v1/audio-analysis/3uj50lC8DoTGGnOxadFtUs,113335,4,Dark Trap,Midday (feat. Wifisfuneral),,
0.691,0.324,4,-9.711,0,0.0351,0.9420000000000001,0.00016,0.098,0.218,189.9,audio_features,56L8vkkw9V4LsesNzparub,spotify:track:56L8vkkw9V4LsesNzparub,https://api.spotify.com/v1/tracks/56L8vkkw9V4LsesNzparub,https://api.spotify.com/v1/audio-analysis/56L8vkkw9V4LsesNzparub,112918,4,Dark Trap,"CRY BABY, CELL 17",,
0.688,0.568,10,-6.9510000000000005,0,0.0432,0.0985,1.49e-05,0.154,0.366,165.05,audio_features,5OoH6HSheF3LbwnGbpKSFa,spotify:track:5OoH6HSheF3LbwnGbpKSFa,https://api.spotify.com/v1/tracks/5OoH6HSheF3LbwnGbpKSFa,https://api.spotify.com/v1/audio-analysis/5OoH6HSheF3LbwnGbpKSFa,154182,4,Dark Trap,Mood Swing Misery,,
0.78,0.657,7,-7.165,1,0.145,0.435,9.42e-06,0.298,0.364,141.619,audio_features,7wttMlE6un70hfwymwniYl,spotify:track:7wttMlE6un70hfwymwniYl,https://api.spotify.com/v1/tracks/7wttMlE6un70hfwymwniYl,https://api.spotify.com/v1/audio-analysis/7wttMlE6un70hfwymwniYl,182880,4,Dark Trap,Brother Man,,
0.74,0.613,8,-4.88,1,0.145,0.258,0.00372,0.12300000000000001,0.473,150.046,audio_features,3ee8Jmje8o58CHK66QrVC2,spotify:track:3ee8Jmje8o58CHK66QrVC2,https://api.spotify.com/v1/tracks/3ee8Jmje8o58CHK66QrVC2,https://api.spotify.com/v1/audio-analysis/3ee8Jmje8o58CHK66QrVC2,166606,4,Dark Trap,SAD!,,
0.5920000000000001,0.457,9,-6.081,0,0.0603,0.6609999999999999,0.000331,0.146,0.225,146.04,audio_features,2ZRo7axmMPeSVUvDbGkJah,spotify:track:2ZRo7axmMPeSVUvDbGkJah,https://api.spotify.com/v1/tracks/2ZRo7axmMPeSVUvDbGkJah,https://api.spotify.com/v1/audio-analysis/2ZRo7axmMPeSVUvDbGkJah,110886,4,Dark Trap,Hope,,
0.733,0.402,9,-8.774,1,0.0337,0.7070000000000001,0.0,0.111,0.15,216.01,audio_features,7sQhhSlMui3JOZ4s2j4IjM,spotify:track:7sQhhSlMui3JOZ4s2j4IjM,https://api.spotify.com/v1/tracks/7sQhhSlMui3JOZ4s2j4IjM,https://api.spotify.com/v1/audio-analysis/7sQhhSlMui3JOZ4s2j4IjM,146667,4,Dark Trap,don't fall asleep yet,,
0.649,0.2,2,-19.41,1,0.0507,0.8390000000000001,0.000306,0.20600000000000002,0.866,150.043,audio_features,5zDPkwHEID3BErCrgPbBOw,spotify:track:5zDPkwHEID3BErCrgPbBOw,https://api.spotify.com/v1/tracks/5zDPkwHEID3BErCrgPbBOw,https://api.spotify.com/v1/audio-analysis/5zDPkwHEID3BErCrgPbBOw,160325,4,Dark Trap,Storyboard for a Pessimist,,
0.789,0.825,10,-8.646,1,0.214,0.0863,1.29e-05,0.131,0.24100000000000002,220.074,audio_features,3VAeoKLnJdFBlc9hBtDYn9,spotify:track:3VAeoKLnJdFBlc9hBtDYn9,https://api.spotify.com/v1/tracks/3VAeoKLnJdFBlc9hBtDYn9,https://api.spotify.com/v1/audio-analysis/3VAeoKLnJdFBlc9hBtDYn9,122182,4,Dark Trap,Hard to Remember,,
0.865,0.23,7,-16.194000000000003,1,0.253,0.00498,7.06e-05,0.313,0.313,140.014,audio_features,74JpRsUtgzgtHQynbUZ4Y4,spotify:track:74JpRsUtgzgtHQynbUZ4Y4,https://api.spotify.com/v1/tracks/74JpRsUtgzgtHQynbUZ4Y4,https://api.spotify.com/v1/audio-analysis/74JpRsUtgzgtHQynbUZ4Y4,116750,4,Dark Trap,PISTOL PACKIN,,
0.85,0.805,8,-4.541,1,0.233,0.016,0.0,0.10400000000000001,0.34600000000000003,149.127,audio_features,44ApO1Q5s0dXveC0zRlWxi,spotify:track:44ApO1Q5s0dXveC0zRlWxi,https://api.spotify.com/v1/tracks/44ApO1Q5s0dXveC0zRlWxi,https://api.spotify.com/v1/audio-analysis/44ApO1Q5s0dXveC0zRlWxi,141819,4,Dark Trap,Obey The Walrus,,
0.696,0.879,8,-2.9810000000000003,1,0.152,0.122,0.000157,0.0687,0.354,130.137,audio_features,7t0Bi30yk2WssEyH4coIX8,spotify:track:7t0Bi30yk2WssEyH4coIX8,https://api.spotify.com/v1/tracks/7t0Bi30yk2WssEyH4coIX8,https://api.spotify.com/v1/audio-analysis/7t0Bi30yk2WssEyH4coIX8,161134,4,Dark Trap,Now and Then,,
0.591,0.42,10,-9.922,0,0.17,0.785,4.0600000000000004e-05,0.18600000000000003,0.596,161.963,audio_features,23g3uKdnXOcB0fk5zt9L6y,spotify:track:23g3uKdnXOcB0fk5zt9L6y,https://api.spotify.com/v1/tracks/23g3uKdnXOcB0fk5zt9L6y,https://api.spotify.com/v1/audio-analysis/23g3uKdnXOcB0fk5zt9L6y,142046,4,Dark Trap,Guccy Armor,,
0.665,0.905,7,-5.785,1,0.253,0.161,0.0669,0.907,0.28800000000000003,114.93799999999999,audio_features,1nB6VmrPybx4xwkL80OqdA,spotify:track:1nB6VmrPybx4xwkL80OqdA,https://api.spotify.com/v1/tracks/1nB6VmrPybx4xwkL80OqdA,https://api.spotify.com/v1/audio-analysis/1nB6VmrPybx4xwkL80OqdA,147305,4,Dark Trap,Nihil,,
0.654,0.787,1,-5.885,1,0.45399999999999996,0.5589999999999999,1.4099999999999999e-05,0.165,0.373,119.845,audio_features,2P2Ff4WYuZvabZu6DBzRRq,spotify:track:2P2Ff4WYuZvabZu6DBzRRq,https://api.spotify.com/v1/tracks/2P2Ff4WYuZvabZu6DBzRRq,https://api.spotify.com/v1/audio-analysis/2P2Ff4WYuZvabZu6DBzRRq,117969,4,Dark Trap,Dark Thoughts,,
0.706,0.659,10,-9.23,1,0.337,0.0312,0.011000000000000001,0.11599999999999999,0.204,165.0,audio_features,2QvvPor8hQOUlK5zB3FVMW,spotify:track:2QvvPor8hQOUlK5zB3FVMW,https://api.spotify.com/v1/tracks/2QvvPor8hQOUlK5zB3FVMW,https://api.spotify.com/v1/audio-analysis/2QvvPor8hQOUlK5zB3FVMW,163413,4,Dark Trap,Welcome to Hell,,
0.723,0.619,9,-8.002,0,0.0773,0.354,0.0,0.0979,0.45799999999999996,145.065,audio_features,6tqdzGOcOmsXstVkLhruxE,spotify:track:6tqdzGOcOmsXstVkLhruxE,https://api.spotify.com/v1/tracks/6tqdzGOcOmsXstVkLhruxE,https://api.spotify.com/v1/audio-analysis/6tqdzGOcOmsXstVkLhruxE,164690,4,Dark Trap,Cosey's World,,
0.8109999999999999,0.51,9,-9.117,0,0.363,0.313,0.0,0.10400000000000001,0.54,166.014,audio_features,1gGIoobAAp1x1fnJLRv4mB,spotify:track:1gGIoobAAp1x1fnJLRv4mB,https://api.spotify.com/v1/tracks/1gGIoobAAp1x1fnJLRv4mB,https://api.spotify.com/v1/audio-analysis/1gGIoobAAp1x1fnJLRv4mB,129759,4,Dark Trap,In My Bag,,
0.7509999999999999,0.809,8,-8.254,1,0.0696,0.239,0.0,0.10099999999999999,0.34,146.005,audio_features,7hJWaMGHvccedkoCspJjTm,spotify:track:7hJWaMGHvccedkoCspJjTm,https://api.spotify.com/v1/tracks/7hJWaMGHvccedkoCspJjTm,https://api.spotify.com/v1/audio-analysis/7hJWaMGHvccedkoCspJjTm,172000,4,Dark Trap,Stuck In My Ways,,
0.736,0.489,11,-9.48,0,0.179,0.445,0.0,0.0781,0.507,145.083,audio_features,5u2w3tRAMQ5qSanvQU9h8a,spotify:track:5u2w3tRAMQ5qSanvQU9h8a,https://api.spotify.com/v1/tracks/5u2w3tRAMQ5qSanvQU9h8a,https://api.spotify.com/v1/audio-analysis/5u2w3tRAMQ5qSanvQU9h8a,226759,4,Dark Trap,Swervin thru the Mud,,
0.49200000000000005,0.6409999999999999,4,-8.145,1,0.22399999999999998,0.28600000000000003,0.0,0.0673,0.23,205.782,audio_features,5PcA8FaM5vlZBPIe58C9Q3,spotify:track:5PcA8FaM5vlZBPIe58C9Q3,https://api.spotify.com/v1/tracks/5PcA8FaM5vlZBPIe58C9Q3,https://api.spotify.com/v1/audio-analysis/5PcA8FaM5vlZBPIe58C9Q3,350676,4,Dark Trap,BAD BLOOD,,
0.6709999999999999,0.645,0,-7.252999999999999,1,0.0373,0.000997,5.2000000000000004e-05,0.153,0.33299999999999996,149.974,audio_features,0x007Jr9qpBvrJrzU3l0H9,spotify:track:0x007Jr9qpBvrJrzU3l0H9,https://api.spotify.com/v1/tracks/0x007Jr9qpBvrJrzU3l0H9,https://api.spotify.com/v1/audio-analysis/0x007Jr9qpBvrJrzU3l0H9,156682,4,Dark Trap,Winter of '12,,
0.877,0.774,1,-8.747,1,0.218,0.0026100000000000003,0.0113,0.136,0.455,183.018,audio_features,7IEgywoWmLvnJnyNPAhOM8,spotify:track:7IEgywoWmLvnJnyNPAhOM8,https://api.spotify.com/v1/tracks/7IEgywoWmLvnJnyNPAhOM8,https://api.spotify.com/v1/audio-analysis/7IEgywoWmLvnJnyNPAhOM8,116557,4,Dark Trap,Fly (On the Wall),,
0.7070000000000001,0.609,11,-10.620999999999999,0,0.111,0.3,0.0,0.0643,0.303,120.09899999999999,audio_features,2NewVZgMr1DLTMJlIsAVDv,spotify:track:2NewVZgMr1DLTMJlIsAVDv,https://api.spotify.com/v1/tracks/2NewVZgMr1DLTMJlIsAVDv,https://api.spotify.com/v1/audio-analysis/2NewVZgMr1DLTMJlIsAVDv,178040,4,Dark Trap,High Street,,
0.6990000000000001,0.489,1,-9.461,0,0.0388,0.365,4.2e-05,0.132,0.0739,134.017,audio_features,1RqpijoxxQJ9FWS1V56DeE,spotify:track:1RqpijoxxQJ9FWS1V56DeE,https://api.spotify.com/v1/tracks/1RqpijoxxQJ9FWS1V56DeE,https://api.spotify.com/v1/audio-analysis/1RqpijoxxQJ9FWS1V56DeE,214925,4,Dark Trap,MARY JANE,,
0.7240000000000001,0.843,3,-6.74,0,0.0617,0.517,0.0,0.12,0.8109999999999999,152.043,audio_features,2aQwdBWk4vSPWk1Csgtzdo,spotify:track:2aQwdBWk4vSPWk1Csgtzdo,https://api.spotify.com/v1/tracks/2aQwdBWk4vSPWk1Csgtzdo,https://api.spotify.com/v1/audio-analysis/2aQwdBWk4vSPWk1Csgtzdo,207214,4,Dark Trap,This Life,,
0.659,0.614,9,-7.32,0,0.0541,0.000404,0.0,0.12300000000000001,0.26,119.405,audio_features,0AICBlLzFCTpUqmAbtzB2z,spotify:track:0AICBlLzFCTpUqmAbtzB2z,https://api.spotify.com/v1/tracks/0AICBlLzFCTpUqmAbtzB2z,https://api.spotify.com/v1/audio-analysis/0AICBlLzFCTpUqmAbtzB2z,143969,4,Dark Trap,Love Scars,,
0.8059999999999999,0.8690000000000001,1,-3.7880000000000003,1,0.11900000000000001,0.00443,0.0,0.321,0.396,159.99,audio_features,39gJMxsMvte4oBHx44FnRu,spotify:track:39gJMxsMvte4oBHx44FnRu,https://api.spotify.com/v1/tracks/39gJMxsMvte4oBHx44FnRu,https://api.spotify.com/v1/audio-analysis/39gJMxsMvte4oBHx44FnRu,144192,4,Dark Trap,Just Another Product,,
0.8190000000000001,0.541,6,-7.11,1,0.293,0.23800000000000002,7.01e-06,0.105,0.584,160.037,audio_features,5t2S5DonfzpmHjVt0c9rVm,spotify:track:5t2S5DonfzpmHjVt0c9rVm,https://api.spotify.com/v1/tracks/5t2S5DonfzpmHjVt0c9rVm,https://api.spotify.com/v1/audio-analysis/5t2S5DonfzpmHjVt0c9rVm,79500,4,Dark Trap,Killing Joke,,
0.76,0.711,1,-7.2589999999999995,1,0.0391,0.0361,4.28e-05,0.0913,0.377,141.936,audio_features,5ACfPiWQz7lwwqj50XT6BM,spotify:track:5ACfPiWQz7lwwqj50XT6BM,https://api.spotify.com/v1/tracks/5ACfPiWQz7lwwqj50XT6BM,https://api.spotify.com/v1/audio-analysis/5ACfPiWQz7lwwqj50XT6BM,137104,4,Dark Trap,Fuck a Milli,,
0.711,0.794,2,-11.33,1,0.212,0.00122,0.0033399999999999997,0.0887,0.774,140.07,audio_features,0Hc08jaUOVBw3lj7Woh3he,spotify:track:0Hc08jaUOVBw3lj7Woh3he,https://api.spotify.com/v1/tracks/0Hc08jaUOVBw3lj7Woh3he,https://api.spotify.com/v1/audio-analysis/0Hc08jaUOVBw3lj7Woh3he,119197,4,Dark Trap,I Rather Suffer,,
0.79,0.94,5,-2.436,1,0.565,0.0917,0.0,0.34299999999999997,0.544,130.02700000000002,audio_features,5ItgOZJ7FNIJuP5sF7UyV2,spotify:track:5ItgOZJ7FNIJuP5sF7UyV2,https://api.spotify.com/v1/tracks/5ItgOZJ7FNIJuP5sF7UyV2,https://api.spotify.com/v1/audio-analysis/5ItgOZJ7FNIJuP5sF7UyV2,136620,4,Dark Trap,Devil/skin,,
0.6709999999999999,0.529,0,-7.226,1,0.307,0.0769,0.000335,0.0856,0.203,161.989,audio_features,4VXIryQMWpIdGgYR4TrjT1,spotify:track:4VXIryQMWpIdGgYR4TrjT1,https://api.spotify.com/v1/tracks/4VXIryQMWpIdGgYR4TrjT1,https://api.spotify.com/v1/audio-analysis/4VXIryQMWpIdGgYR4TrjT1,165820,4,Dark Trap,All Girls Are The Same,,
0.6409999999999999,0.703,8,-8.292,0,0.0326,0.0026100000000000003,0.0,0.111,0.442,149.944,audio_features,3QTVsXdmkaVpCCFNS9hBav,spotify:track:3QTVsXdmkaVpCCFNS9hBav,https://api.spotify.com/v1/tracks/3QTVsXdmkaVpCCFNS9hBav,https://api.spotify.com/v1/audio-analysis/3QTVsXdmkaVpCCFNS9hBav,118005,4,Dark Trap,Bad For You,,
0.762,0.7090000000000001,11,-5.332999999999999,1,0.337,0.141,0.0,0.0798,0.537,174.041,audio_features,310YHyec9UxRfn30XRje5J,spotify:track:310YHyec9UxRfn30XRje5J,https://api.spotify.com/v1/tracks/310YHyec9UxRfn30XRje5J,https://api.spotify.com/v1/audio-analysis/310YHyec9UxRfn30XRje5J,167520,4,Dark Trap,Death Note,,
0.652,0.912,1,-2.464,1,0.0879,0.0697,0.0,0.29600000000000004,0.27899999999999997,206.01,audio_features,5YaBgvHKQmrlUrJ5tBfyd1,spotify:track:5YaBgvHKQmrlUrJ5tBfyd1,https://api.spotify.com/v1/tracks/5YaBgvHKQmrlUrJ5tBfyd1,https://api.spotify.com/v1/audio-analysis/5YaBgvHKQmrlUrJ5tBfyd1,128960,4,Dark Trap,Give Up,,
0.884,0.612,1,-5.636,1,0.37,0.125,0.0,0.0795,0.287,213.53799999999998,audio_features,5BY5fKganceXe196jEJZWb,spotify:track:5BY5fKganceXe196jEJZWb,https://api.spotify.com/v1/tracks/5BY5fKganceXe196jEJZWb,https://api.spotify.com/v1/audio-analysis/5BY5fKganceXe196jEJZWb,144308,4,Dark Trap,Rotten,,
0.895,0.772,8,-6.642,1,0.207,0.0777,0.0,0.11800000000000001,0.6559999999999999,130.024,audio_features,3TNwTBnZn7Q6ZVhyV7uFmv,spotify:track:3TNwTBnZn7Q6ZVhyV7uFmv,https://api.spotify.com/v1/tracks/3TNwTBnZn7Q6ZVhyV7uFmv,https://api.spotify.com/v1/audio-analysis/3TNwTBnZn7Q6ZVhyV7uFmv,146135,4,Dark Trap,Born2Lose,,
0.703,0.775,1,-3.818,1,0.344,0.0183,0.0,0.364,0.569,168.05200000000002,audio_features,0qTTWAzCK5xjgUrjcxykqU,spotify:track:0qTTWAzCK5xjgUrjcxykqU,https://api.spotify.com/v1/tracks/0qTTWAzCK5xjgUrjcxykqU,https://api.spotify.com/v1/audio-analysis/0qTTWAzCK5xjgUrjcxykqU,159242,4,Dark Trap,Smack a Goober Vol.2,,
0.78,0.483,11,-9.205,0,0.287,0.597,0.0,0.0852,0.415,149.786,audio_features,2RAjEKXmiyPLQuPe2fIvlT,spotify:track:2RAjEKXmiyPLQuPe2fIvlT,https://api.spotify.com/v1/tracks/2RAjEKXmiyPLQuPe2fIvlT,https://api.spotify.com/v1/audio-analysis/2RAjEKXmiyPLQuPe2fIvlT,192093,4,Dark Trap,225,,
0.975,0.40700000000000003,1,-7.898,1,0.105,0.00586,0.0,0.124,0.14,119.969,audio_features,4OozkslPi3nwvgBzkU1KPR,spotify:track:4OozkslPi3nwvgBzkU1KPR,https://api.spotify.com/v1/tracks/4OozkslPi3nwvgBzkU1KPR,https://api.spotify.com/v1/audio-analysis/4OozkslPi3nwvgBzkU1KPR,176000,4,Dark Trap,Go to the Sto,,
0.7240000000000001,0.8909999999999999,1,-0.354,1,0.294,0.0261,0.0,0.273,0.71,184.956,audio_features,495T3rrTtGF4FRHHvldWjh,spotify:track:495T3rrTtGF4FRHHvldWjh,https://api.spotify.com/v1/tracks/495T3rrTtGF4FRHHvldWjh,https://api.spotify.com/v1/audio-analysis/495T3rrTtGF4FRHHvldWjh,310250,4,Dark Trap,METHHEAD FREESTYLE,,
0.484,0.435,0,-10.545,1,0.0332,0.129,0.000148,0.34,0.0567,172.11599999999999,audio_features,5JhXjKYa9tXLLUnykYAcG7,spotify:track:5JhXjKYa9tXLLUnykYAcG7,https://api.spotify.com/v1/tracks/5JhXjKYa9tXLLUnykYAcG7,https://api.spotify.com/v1/audio-analysis/5JhXjKYa9tXLLUnykYAcG7,139549,4,Dark Trap,Cure,,
0.7340000000000001,0.57,7,-7.066,0,0.133,0.847,2.14e-05,0.11199999999999999,0.6890000000000001,129.953,audio_features,3GVkPk8mqxz0itaAriG1L7,spotify:track:3GVkPk8mqxz0itaAriG1L7,https://api.spotify.com/v1/tracks/3GVkPk8mqxz0itaAriG1L7,https://api.spotify.com/v1/audio-analysis/3GVkPk8mqxz0itaAriG1L7,95467,4,Dark Trap,Everybody Dies In Their Nightmares,,
0.769,0.156,11,-10.7,0,0.035,0.585,0.015,0.102,0.527,211.9,audio_features,2H3wWrnO758y0fPH7Ilerg,spotify:track:2H3wWrnO758y0fPH7Ilerg,https://api.spotify.com/v1/tracks/2H3wWrnO758y0fPH7Ilerg,https://api.spotify.com/v1/audio-analysis/2H3wWrnO758y0fPH7Ilerg,144733,4,Dark Trap,Depression & Obsession,,
0.645,0.71,7,-5.093999999999999,1,0.07,0.38,0.0012699999999999999,0.0916,0.126,165.959,audio_features,6IirkWmtTPvDHg5J9IpxYS,spotify:track:6IirkWmtTPvDHg5J9IpxYS,https://api.spotify.com/v1/tracks/6IirkWmtTPvDHg5J9IpxYS,https://api.spotify.com/v1/audio-analysis/6IirkWmtTPvDHg5J9IpxYS,145096,4,Dark Trap,Exhausted,,
0.81,0.782,9,-3.783,1,0.413,0.0071400000000000005,0.0,0.18899999999999997,0.636,140.028,audio_features,3J1zD09c70qKnrYYSYzEhw,spotify:track:3J1zD09c70qKnrYYSYzEhw,https://api.spotify.com/v1/tracks/3J1zD09c70qKnrYYSYzEhw,https://api.spotify.com/v1/audio-analysis/3J1zD09c70qKnrYYSYzEhw,89789,4,Dark Trap,Tip Toe Freestyle,,
0.623,0.716,8,-5.149,1,0.0342,0.000246,0.381,0.23199999999999998,0.115,190.04,audio_features,2gkyVGIhSATA3oY5XqFajh,spotify:track:2gkyVGIhSATA3oY5XqFajh,https://api.spotify.com/v1/tracks/2gkyVGIhSATA3oY5XqFajh,https://api.spotify.com/v1/audio-analysis/2gkyVGIhSATA3oY5XqFajh,192000,3,Dark Trap,Push Me,,
0.613,0.909,6,-5.97,0,0.26899999999999996,0.0923,0.0,0.8590000000000001,0.7390000000000001,150.033,audio_features,6XSOrhGJprcGmgPS8Zcm97,spotify:track:6XSOrhGJprcGmgPS8Zcm97,https://api.spotify.com/v1/tracks/6XSOrhGJprcGmgPS8Zcm97,https://api.spotify.com/v1/audio-analysis/6XSOrhGJprcGmgPS8Zcm97,97298,4,Dark Trap,7.62x39mm,,
0.348,0.925,11,-6.4110000000000005,0,0.326,0.0017100000000000001,2.31e-06,0.37200000000000005,0.142,139.056,audio_features,6BDu7lsmjaWlzZXRtDThra,spotify:track:6BDu7lsmjaWlzZXRtDThra,https://api.spotify.com/v1/tracks/6BDu7lsmjaWlzZXRtDThra,https://api.spotify.com/v1/audio-analysis/6BDu7lsmjaWlzZXRtDThra,149802,4,Dark Trap,Adult Swim (Feat. Original God & Yung Bitch),,
0.804,0.6859999999999999,6,-0.23600000000000002,1,0.258,0.0337,0.000286,0.196,0.22,185.00799999999998,audio_features,20BYOWkDwXrmLlqn6VVABl,spotify:track:20BYOWkDwXrmLlqn6VVABl,https://api.spotify.com/v1/tracks/20BYOWkDwXrmLlqn6VVABl,https://api.spotify.com/v1/audio-analysis/20BYOWkDwXrmLlqn6VVABl,129856,4,Dark Trap,Shooting Dice,,
0.639,0.932,1,-1.003,1,0.35700000000000004,0.133,0.00818,0.11199999999999999,0.6679999999999999,199.98,audio_features,07BCzMdqX3u9HluaSQRcL2,spotify:track:07BCzMdqX3u9HluaSQRcL2,https://api.spotify.com/v1/tracks/07BCzMdqX3u9HluaSQRcL2,https://api.spotify.com/v1/audio-analysis/07BCzMdqX3u9HluaSQRcL2,153656,4,Dark Trap,Welcome to My Heart,,
0.583,0.915,4,-2.191,1,0.46399999999999997,0.0936,0.0,0.348,0.628,179.83599999999998,audio_features,00bEP3V5Ova0ihFnLUFbK2,spotify:track:00bEP3V5Ova0ihFnLUFbK2,https://api.spotify.com/v1/tracks/00bEP3V5Ova0ihFnLUFbK2,https://api.spotify.com/v1/audio-analysis/00bEP3V5Ova0ihFnLUFbK2,138757,4,Dark Trap,Bryan Fury,,
0.655,0.948,8,-4.338,1,0.41600000000000004,0.462,2.54e-05,0.0835,0.69,159.89700000000002,audio_features,7zShdWNBUXsUoU3akjRVHW,spotify:track:7zShdWNBUXsUoU3akjRVHW,https://api.spotify.com/v1/tracks/7zShdWNBUXsUoU3akjRVHW,https://api.spotify.com/v1/audio-analysis/7zShdWNBUXsUoU3akjRVHW,108004,4,Dark Trap,The Mishima Bloodline,,
0.727,0.7759999999999999,8,-5.872000000000001,1,0.191,0.353,0.0,0.126,0.311,156.014,audio_features,7yWvQcrVxBdd4yvAeA0w9x,spotify:track:7yWvQcrVxBdd4yvAeA0w9x,https://api.spotify.com/v1/tracks/7yWvQcrVxBdd4yvAeA0w9x,https://api.spotify.com/v1/audio-analysis/7yWvQcrVxBdd4yvAeA0w9x,135523,4,Dark Trap,Einsamer Wolf,,
0.763,0.8859999999999999,7,-2.051,1,0.0702,0.0123,6.37e-05,0.332,0.265,160.08,audio_features,3rDmEFLc9lxFggzTBIF3vg,spotify:track:3rDmEFLc9lxFggzTBIF3vg,https://api.spotify.com/v1/tracks/3rDmEFLc9lxFggzTBIF3vg,https://api.spotify.com/v1/audio-analysis/3rDmEFLc9lxFggzTBIF3vg,126000,4,Dark Trap,Death Wish,,
0.428,0.539,8,-10.031,0,0.0434,0.204,1.0300000000000001e-05,0.102,0.332,150.192,audio_features,0CQhuti0VBqh9cDmcoykz6,spotify:track:0CQhuti0VBqh9cDmcoykz6,https://api.spotify.com/v1/tracks/0CQhuti0VBqh9cDmcoykz6,https://api.spotify.com/v1/audio-analysis/0CQhuti0VBqh9cDmcoykz6,92826,4,Dark Trap,Demons in My Dreams,,
0.466,0.0987,9,-23.035,1,0.038,0.764,0.679,0.13,0.17600000000000002,131.814,audio_features,38gG7Am9T2d4x347h1tOfk,spotify:track:38gG7Am9T2d4x347h1tOfk,https://api.spotify.com/v1/tracks/38gG7Am9T2d4x347h1tOfk,https://api.spotify.com/v1/audio-analysis/38gG7Am9T2d4x347h1tOfk,116808,4,Dark Trap,SadlyThatsJustTheWayThingsAre,,
0.59,0.922,1,-3.158,1,0.413,0.0577,0.0,0.381,0.715,130.10399999999998,audio_features,0fyvuVe5Yw800bpAXTErET,spotify:track:0fyvuVe5Yw800bpAXTErET,https://api.spotify.com/v1/tracks/0fyvuVe5Yw800bpAXTErET,https://api.spotify.com/v1/audio-analysis/0fyvuVe5Yw800bpAXTErET,90776,4,Dark Trap,No Mercy,,
0.625,0.589,2,-8.192,1,0.0666,0.155,8.88e-06,0.105,0.6409999999999999,163.922,audio_features,0kME4SAD7WL0Jh0rKEPeVY,spotify:track:0kME4SAD7WL0Jh0rKEPeVY,https://api.spotify.com/v1/tracks/0kME4SAD7WL0Jh0rKEPeVY,https://api.spotify.com/v1/audio-analysis/0kME4SAD7WL0Jh0rKEPeVY,240185,4,Dark Trap,Tarlo,,
0.863,0.5870000000000001,2,-7.455,1,0.295,0.209,0.0,0.0832,0.7490000000000001,186.58,audio_features,0Sd0kdgU6HrIclxYjuV99j,spotify:track:0Sd0kdgU6HrIclxYjuV99j,https://api.spotify.com/v1/tracks/0Sd0kdgU6HrIclxYjuV99j,https://api.spotify.com/v1/audio-analysis/0Sd0kdgU6HrIclxYjuV99j,95484,4,Dark Trap,Break Shit,,
0.8290000000000001,0.317,1,-13.95,1,0.273,0.0878,0.0157,0.31,0.17800000000000002,210.054,audio_features,6OaHvJY8B6hZf5onw9DkNy,spotify:track:6OaHvJY8B6hZf5onw9DkNy,https://api.spotify.com/v1/tracks/6OaHvJY8B6hZf5onw9DkNy,https://api.spotify.com/v1/audio-analysis/6OaHvJY8B6hZf5onw9DkNy,109899,4,Dark Trap,Macho!,,
0.772,0.335,1,-15.95,1,0.41,0.0509,0.0,0.0922,0.391,142.011,audio_features,3yijt4jeaukAT9FAnXdt1v,spotify:track:3yijt4jeaukAT9FAnXdt1v,https://api.spotify.com/v1/tracks/3yijt4jeaukAT9FAnXdt1v,https://api.spotify.com/v1/audio-analysis/3yijt4jeaukAT9FAnXdt1v,150069,4,Dark Trap,AKIRA - Radio Edit,,
0.565,0.467,7,-14.02,1,0.198,0.0017800000000000001,0.0,0.5529999999999999,0.32899999999999996,160.039,audio_features,749fPXJ0nt4V3PGrvmmbac,spotify:track:749fPXJ0nt4V3PGrvmmbac,https://api.spotify.com/v1/tracks/749fPXJ0nt4V3PGrvmmbac,https://api.spotify.com/v1/audio-analysis/749fPXJ0nt4V3PGrvmmbac,89279,4,Dark Trap,Don't Test Me,,
0.8859999999999999,0.65,11,-6.8020000000000005,0,0.436,0.56,0.0,0.127,0.517,134.039,audio_features,3WZteO96QLgU9CEZBwIcNW,spotify:track:3WZteO96QLgU9CEZBwIcNW,https://api.spotify.com/v1/tracks/3WZteO96QLgU9CEZBwIcNW,https://api.spotify.com/v1/audio-analysis/3WZteO96QLgU9CEZBwIcNW,87874,4,Dark Trap,Incredible (feat. ZillaKami and $NOT),,
0.758,0.8540000000000001,0,-4.604,1,0.556,0.415,0.0,0.154,0.48100000000000004,152.049,audio_features,43lZQAILY7jOvMiwBkOcZ7,spotify:track:43lZQAILY7jOvMiwBkOcZ7,https://api.spotify.com/v1/tracks/43lZQAILY7jOvMiwBkOcZ7,https://api.spotify.com/v1/audio-analysis/43lZQAILY7jOvMiwBkOcZ7,149641,4,Dark Trap,Laced (feat. Fenix Flexin),,
0.755,0.41,8,-13.187999999999999,1,0.0376,0.332,5.3e-05,0.114,0.0919,200.04,audio_features,5DNr18eJapgOnVArstUpOD,spotify:track:5DNr18eJapgOnVArstUpOD,https://api.spotify.com/v1/tracks/5DNr18eJapgOnVArstUpOD,https://api.spotify.com/v1/audio-analysis/5DNr18eJapgOnVArstUpOD,212112,4,Dark Trap,Still Cold,,
0.7490000000000001,0.655,8,-7.189,1,0.151,0.0411,0.39299999999999996,0.08,0.307,160.02100000000002,audio_features,0MEBOwQBMoF6HscO5TydFC,spotify:track:0MEBOwQBMoF6HscO5TydFC,https://api.spotify.com/v1/tracks/0MEBOwQBMoF6HscO5TydFC,https://api.spotify.com/v1/audio-analysis/0MEBOwQBMoF6HscO5TydFC,102750,4,Dark Trap,Floridaâ€™s Finest,,
0.652,0.8640000000000001,5,-5.93,0,0.47,0.00236,0.0,0.32,0.43,180.00099999999998,audio_features,1vuZVJZ2lENkoV2B0paFrD,spotify:track:1vuZVJZ2lENkoV2B0paFrD,https://api.spotify.com/v1/tracks/1vuZVJZ2lENkoV2B0paFrD,https://api.spotify.com/v1/audio-analysis/1vuZVJZ2lENkoV2B0paFrD,117681,4,Dark Trap,Hate Me,,
0.677,0.7929999999999999,6,-5.972,0,0.0734,0.5579999999999999,1.18e-05,0.105,0.941,150.05200000000002,audio_features,3HD9BE49dhRLZxFIzoRJg0,spotify:track:3HD9BE49dhRLZxFIzoRJg0,https://api.spotify.com/v1/tracks/3HD9BE49dhRLZxFIzoRJg0,https://api.spotify.com/v1/audio-analysis/3HD9BE49dhRLZxFIzoRJg0,144000,4,Dark Trap,Scargazer,,
0.735,0.525,6,-2.9389999999999996,0,0.0441,0.653,0.9179999999999999,0.10099999999999999,0.369,160.14700000000002,audio_features,7pdF27mSDuPWhppnHAmWHa,spotify:track:7pdF27mSDuPWhppnHAmWHa,https://api.spotify.com/v1/tracks/7pdF27mSDuPWhppnHAmWHa,https://api.spotify.com/v1/audio-analysis/7pdF27mSDuPWhppnHAmWHa,157777,4,Dark Trap,whoa (mind in awe),,
0.851,0.575,0,-7.377999999999999,1,0.21600000000000003,0.159,1.09e-06,0.084,0.759,189.99599999999998,audio_features,3AcafC5OfWa0kEEUbIKHnI,spotify:track:3AcafC5OfWa0kEEUbIKHnI,https://api.spotify.com/v1/tracks/3AcafC5OfWa0kEEUbIKHnI,https://api.spotify.com/v1/audio-analysis/3AcafC5OfWa0kEEUbIKHnI,183824,4,Dark Trap,Hot,,
0.743,0.6890000000000001,9,-5.18,1,0.0451,0.222,0.000545,0.0969,0.157,150.011,audio_features,218n9BlpCOtBipd28jUmzG,spotify:track:218n9BlpCOtBipd28jUmzG,https://api.spotify.com/v1/tracks/218n9BlpCOtBipd28jUmzG,https://api.spotify.com/v1/audio-analysis/218n9BlpCOtBipd28jUmzG,164800,4,Dark Trap,Mistakes,,
0.467,0.889,6,-3.71,1,0.14800000000000002,5.8599999999999995e-05,0.182,0.26,0.318,129.878,audio_features,0Oe06Yq0wa0pe2GnOzSvxa,spotify:track:0Oe06Yq0wa0pe2GnOzSvxa,https://api.spotify.com/v1/tracks/0Oe06Yq0wa0pe2GnOzSvxa,https://api.spotify.com/v1/audio-analysis/0Oe06Yq0wa0pe2GnOzSvxa,154466,4,Dark Trap,D.F.W.N.B,,
0.664,0.355,7,-16.636,0,0.41600000000000004,0.301,3.34e-05,0.0913,0.152,150.018,audio_features,0tpRBp46DcBX982ujIzdBB,spotify:track:0tpRBp46DcBX982ujIzdBB,https://api.spotify.com/v1/tracks/0tpRBp46DcBX982ujIzdBB,https://api.spotify.com/v1/audio-analysis/0tpRBp46DcBX982ujIzdBB,167662,4,Dark Trap,"go to sleep, it's 4am",,
0.475,0.53,7,-11.078,0,0.0424,0.078,0.40700000000000003,0.0986,0.0739,145.10299999999998,audio_features,0lMuN73Z5kGE9htmFLviTN,spotify:track:0lMuN73Z5kGE9htmFLviTN,https://api.spotify.com/v1/tracks/0lMuN73Z5kGE9htmFLviTN,https://api.spotify.com/v1/audio-analysis/0lMuN73Z5kGE9htmFLviTN,185397,4,Dark Trap,LUV DNT DIE,,
0.684,0.45899999999999996,0,-11.39,0,0.0576,0.11800000000000001,0.0334,0.252,0.325,169.998,audio_features,23Nc9i2BqXWJbWZpo1MX8P,spotify:track:23Nc9i2BqXWJbWZpo1MX8P,https://api.spotify.com/v1/tracks/23Nc9i2BqXWJbWZpo1MX8P,https://api.spotify.com/v1/audio-analysis/23Nc9i2BqXWJbWZpo1MX8P,147205,4,Dark Trap,Godspeed,,
0.579,0.698,2,-5.7010000000000005,1,0.0827,0.107,0.0,0.174,0.302,165.071,audio_features,0qy1xNhQvnRhEpvKxdXYUR,spotify:track:0qy1xNhQvnRhEpvKxdXYUR,https://api.spotify.com/v1/tracks/0qy1xNhQvnRhEpvKxdXYUR,https://api.spotify.com/v1/audio-analysis/0qy1xNhQvnRhEpvKxdXYUR,200213,4,Dark Trap,Nightmares (feat. Lil Skies),,
0.413,0.838,3,-5.362,0,0.22,0.162,0.0,0.395,0.265,178.09599999999998,audio_features,60Y7Xnr9zGiwdU6cJhgTo0,spotify:track:60Y7Xnr9zGiwdU6cJhgTo0,https://api.spotify.com/v1/tracks/60Y7Xnr9zGiwdU6cJhgTo0,https://api.spotify.com/v1/audio-analysis/60Y7Xnr9zGiwdU6cJhgTo0,102472,4,Dark Trap,BORN OUT THE PIT,,
0.659,0.62,7,-8.617,0,0.358,0.526,3.84e-05,0.111,0.627,163.858,audio_features,59zncIhxSaZdqnOaU0z2cM,spotify:track:59zncIhxSaZdqnOaU0z2cM,https://api.spotify.com/v1/tracks/59zncIhxSaZdqnOaU0z2cM,https://api.spotify.com/v1/audio-analysis/59zncIhxSaZdqnOaU0z2cM,136499,4,Dark Trap,Billy Boy,,
0.72,0.672,1,-7.862,1,0.0619,0.00923,0.000545,0.14300000000000002,0.0785,179.921,audio_features,4f0cLDKr5BucgmYTStsQaZ,spotify:track:4f0cLDKr5BucgmYTStsQaZ,https://api.spotify.com/v1/tracks/4f0cLDKr5BucgmYTStsQaZ,https://api.spotify.com/v1/audio-analysis/4f0cLDKr5BucgmYTStsQaZ,150408,4,Dark Trap,1 fEeL LiKE sOCrAtEs,,
0.608,0.696,10,-9.384,0,0.42200000000000004,0.27399999999999997,0.59,0.0839,0.0388,169.44,audio_features,0YjUHZIwpT3QxoPvrMZJ1e,spotify:track:0YjUHZIwpT3QxoPvrMZJ1e,https://api.spotify.com/v1/tracks/0YjUHZIwpT3QxoPvrMZJ1e,https://api.spotify.com/v1/audio-analysis/0YjUHZIwpT3QxoPvrMZJ1e,136544,4,Dark Trap,commit murder,,
0.647,0.8759999999999999,1,-5.494,1,0.188,0.0891,0.0,0.11800000000000001,0.175,125.99,audio_features,4Tg3WFUjMqJB1GqfWIsrRy,spotify:track:4Tg3WFUjMqJB1GqfWIsrRy,https://api.spotify.com/v1/tracks/4Tg3WFUjMqJB1GqfWIsrRy,https://api.spotify.com/v1/audio-analysis/4Tg3WFUjMqJB1GqfWIsrRy,325240,4,Dark Trap,Reaper Life,,
0.715,0.735,6,-5.367999999999999,0,0.239,0.12300000000000001,0.00307,0.14,0.35100000000000003,180.02,audio_features,0v5s4yEtsjPOe05QiSd0oV,spotify:track:0v5s4yEtsjPOe05QiSd0oV,https://api.spotify.com/v1/tracks/0v5s4yEtsjPOe05QiSd0oV,https://api.spotify.com/v1/audio-analysis/0v5s4yEtsjPOe05QiSd0oV,205207,4,Dark Trap,BitchYouGotMeFuckedUp,,
0.81,0.314,5,-16.828,0,0.374,0.344,0.0,0.0872,0.43200000000000005,184.91400000000002,audio_features,2cN4kjCHEbjBzm4OHYZaFI,spotify:track:2cN4kjCHEbjBzm4OHYZaFI,https://api.spotify.com/v1/tracks/2cN4kjCHEbjBzm4OHYZaFI,https://api.spotify.com/v1/audio-analysis/2cN4kjCHEbjBzm4OHYZaFI,129405,4,Dark Trap,Flavors,,
0.716,0.536,9,-6.032,1,0.235,0.0819,2.44e-06,0.0951,0.191,132.441,audio_features,2HUcGMBRYowGZ5qyTRTubM,spotify:track:2HUcGMBRYowGZ5qyTRTubM,https://api.spotify.com/v1/tracks/2HUcGMBRYowGZ5qyTRTubM,https://api.spotify.com/v1/audio-analysis/2HUcGMBRYowGZ5qyTRTubM,167184,4,Dark Trap,Built to Destroy,,
0.78,0.433,1,-10.972000000000001,1,0.263,0.006379999999999999,2.26e-06,0.175,0.434,196.114,audio_features,5KnorNeZ8tSEJgXTkrH4zS,spotify:track:5KnorNeZ8tSEJgXTkrH4zS,https://api.spotify.com/v1/tracks/5KnorNeZ8tSEJgXTkrH4zS,https://api.spotify.com/v1/audio-analysis/5KnorNeZ8tSEJgXTkrH4zS,107762,4,Dark Trap,111,,
0.364,0.826,4,-4.282,0,0.0727,0.0241,0.0064,0.0914,0.113,120.1,audio_features,2aPNTB8z6H2ueYtkFRhsRZ,spotify:track:2aPNTB8z6H2ueYtkFRhsRZ,https://api.spotify.com/v1/tracks/2aPNTB8z6H2ueYtkFRhsRZ,https://api.spotify.com/v1/audio-analysis/2aPNTB8z6H2ueYtkFRhsRZ,165995,4,Dark Trap,INeed$,,
0.852,0.344,2,-11.13,1,0.223,0.718,0.0013599999999999999,0.0487,0.354,149.974,audio_features,3oWRlVyOfJwk7E1QQlLe64,spotify:track:3oWRlVyOfJwk7E1QQlLe64,https://api.spotify.com/v1/tracks/3oWRlVyOfJwk7E1QQlLe64,https://api.spotify.com/v1/audio-analysis/3oWRlVyOfJwk7E1QQlLe64,243200,4,Dark Trap,Talk,,
0.792,0.851,2,-13.909,1,0.217,0.213,0.0667,0.35600000000000004,0.26899999999999996,117.95200000000001,audio_features,5Pll84fnSheofah0CIO2jN,spotify:track:5Pll84fnSheofah0CIO2jN,https://api.spotify.com/v1/tracks/5Pll84fnSheofah0CIO2jN,https://api.spotify.com/v1/audio-analysis/5Pll84fnSheofah0CIO2jN,148098,4,Dark Trap,Fuk U,,
0.647,0.405,8,-11.005999999999998,1,0.0411,0.41100000000000003,0.797,0.111,0.153,126.97399999999999,audio_features,5puqZ2iX6i8Pc5pflrL1zo,spotify:track:5puqZ2iX6i8Pc5pflrL1zo,https://api.spotify.com/v1/tracks/5puqZ2iX6i8Pc5pflrL1zo,https://api.spotify.com/v1/audio-analysis/5puqZ2iX6i8Pc5pflrL1zo,128504,4,Dark Trap,Hypothermia,,
0.847,0.486,4,-10.255,1,0.079,0.139,0.0,0.667,0.833,207.95,audio_features,3A0AJOUnY9PbuDCZBuNC7s,spotify:track:3A0AJOUnY9PbuDCZBuNC7s,https://api.spotify.com/v1/tracks/3A0AJOUnY9PbuDCZBuNC7s,https://api.spotify.com/v1/audio-analysis/3A0AJOUnY9PbuDCZBuNC7s,163892,4,Dark Trap,anakin ur breaking my heart ).:,,
0.745,0.664,11,-5.476,0,0.235,0.322,0.0,0.851,0.526,121.083,audio_features,2TfoabXa0CbEwcqpxOn9z3,spotify:track:2TfoabXa0CbEwcqpxOn9z3,https://api.spotify.com/v1/tracks/2TfoabXa0CbEwcqpxOn9z3,https://api.spotify.com/v1/audio-analysis/2TfoabXa0CbEwcqpxOn9z3,150703,5,Dark Trap,Sad Nibba Hours,,
0.63,0.63,9,-6.211,1,0.0395,0.0131,0.0,0.142,0.163,161.024,audio_features,5ls62WNKHUUrdF3r1cv83T,spotify:track:5ls62WNKHUUrdF3r1cv83T,https://api.spotify.com/v1/tracks/5ls62WNKHUUrdF3r1cv83T,https://api.spotify.com/v1/audio-analysis/5ls62WNKHUUrdF3r1cv83T,131213,4,Dark Trap,emotions,,
0.823,0.331,7,-13.02,0,0.268,0.682,0.0,0.0938,0.342,112.779,audio_features,1jvOu710Im7VGGmTZYRMhv,spotify:track:1jvOu710Im7VGGmTZYRMhv,https://api.spotify.com/v1/tracks/1jvOu710Im7VGGmTZYRMhv,https://api.spotify.com/v1/audio-analysis/1jvOu710Im7VGGmTZYRMhv,169972,4,Dark Trap,Hold Me Down,,
0.738,0.765,6,-8.175,0,0.0611,0.0674,0.0037799999999999995,0.099,0.574,170.018,audio_features,0Wt9QfrJs69EirpEmvXGbx,spotify:track:0Wt9QfrJs69EirpEmvXGbx,https://api.spotify.com/v1/tracks/0Wt9QfrJs69EirpEmvXGbx,https://api.spotify.com/v1/audio-analysis/0Wt9QfrJs69EirpEmvXGbx,167937,4,Dark Trap,Susano III,,
0.636,0.382,0,-12.349,0,0.214,0.121,4.31e-05,0.12300000000000001,0.193,161.981,audio_features,7B1EriJkgqHE0ZzjmlcuCW,spotify:track:7B1EriJkgqHE0ZzjmlcuCW,https://api.spotify.com/v1/tracks/7B1EriJkgqHE0ZzjmlcuCW,https://api.spotify.com/v1/audio-analysis/7B1EriJkgqHE0ZzjmlcuCW,176354,4,Dark Trap,nothing lasts forever,,
0.5,0.655,7,-8.806000000000001,1,0.0402,0.264,0.0,0.12,0.098,125.984,audio_features,5yJDsbkX3TH4hTnezRWVCG,spotify:track:5yJDsbkX3TH4hTnezRWVCG,https://api.spotify.com/v1/tracks/5yJDsbkX3TH4hTnezRWVCG,https://api.spotify.com/v1/audio-analysis/5yJDsbkX3TH4hTnezRWVCG,158110,4,Dark Trap,pieces,,
0.521,0.7659999999999999,3,-4.6930000000000005,1,0.0409,0.00835,0.0,0.155,0.196,149.974,audio_features,1tlrTC3x7viJ1U30oOFGdF,spotify:track:1tlrTC3x7viJ1U30oOFGdF,https://api.spotify.com/v1/tracks/1tlrTC3x7viJ1U30oOFGdF,https://api.spotify.com/v1/audio-analysis/1tlrTC3x7viJ1U30oOFGdF,154815,4,Dark Trap,Better Off (Dying),,
0.265,0.8270000000000001,7,-4.6610000000000005,1,0.10400000000000001,0.0434,0.0,0.11699999999999999,0.131,164.06400000000002,audio_features,3F42FHouOY59SnSsyD2TAX,spotify:track:3F42FHouOY59SnSsyD2TAX,https://api.spotify.com/v1/tracks/3F42FHouOY59SnSsyD2TAX,https://api.spotify.com/v1/audio-analysis/3F42FHouOY59SnSsyD2TAX,224053,4,Dark Trap,U Said,,
0.368,0.7959999999999999,1,-4.923,0,0.0823,0.0157,0.0,0.0694,0.18100000000000002,170.033,audio_features,7Hr2XoaGpIMKbNXCZDZ3le,spotify:track:7Hr2XoaGpIMKbNXCZDZ3le,https://api.spotify.com/v1/tracks/7Hr2XoaGpIMKbNXCZDZ3le,https://api.spotify.com/v1/audio-analysis/7Hr2XoaGpIMKbNXCZDZ3le,214427,4,Dark Trap,Awful Things,,
0.6459999999999999,0.7909999999999999,1,-4.369,1,0.0336,0.0576,0.00402,0.132,0.285,148.032,audio_features,0o6yAx95gRy3yeCDvnhAao,spotify:track:0o6yAx95gRy3yeCDvnhAao,https://api.spotify.com/v1/tracks/0o6yAx95gRy3yeCDvnhAao,https://api.spotify.com/v1/audio-analysis/0o6yAx95gRy3yeCDvnhAao,157361,4,Dark Trap,"If You Were to Get What You Deserve, You Would Know What the Bottom of a Tire Tastes Like",,
0.763,0.7240000000000001,0,-4.761,1,0.0678,0.0643,0.0,0.0508,0.8740000000000001,139.942,audio_features,1ZCGnDNZoGK95miC4Lfkp5,spotify:track:1ZCGnDNZoGK95miC4Lfkp5,https://api.spotify.com/v1/tracks/1ZCGnDNZoGK95miC4Lfkp5,https://api.spotify.com/v1/audio-analysis/1ZCGnDNZoGK95miC4Lfkp5,120059,4,Dark Trap,Soul Doubt,,
0.84,0.802,11,-3.6639999999999997,0,0.0449,0.00566,0.00346,0.32899999999999996,0.575,147.942,audio_features,4y4m6PIm8uKhcPqwFbO0sC,spotify:track:4y4m6PIm8uKhcPqwFbO0sC,https://api.spotify.com/v1/tracks/4y4m6PIm8uKhcPqwFbO0sC,https://api.spotify.com/v1/audio-analysis/4y4m6PIm8uKhcPqwFbO0sC,137900,4,Dark Trap,"All That Glitters Is Not Gold, but It's Still Damn Beautiful",,
0.6890000000000001,0.768,8,-6.256,1,0.0661,0.00758,0.0,0.276,0.0975,139.947,audio_features,6sCEx08GanNTBCqsazxJjD,spotify:track:6sCEx08GanNTBCqsazxJjD,https://api.spotify.com/v1/tracks/6sCEx08GanNTBCqsazxJjD,https://api.spotify.com/v1/audio-analysis/6sCEx08GanNTBCqsazxJjD,130351,4,Dark Trap,I Will One Day Learn To Fly Into The Stars,,
0.745,0.679,2,-4.285,1,0.0414,0.0306,0.532,0.301,0.35,139.999,audio_features,2EangfW3gs9NKaMOSFo86S,spotify:track:2EangfW3gs9NKaMOSFo86S,https://api.spotify.com/v1/tracks/2EangfW3gs9NKaMOSFo86S,https://api.spotify.com/v1/audio-analysis/2EangfW3gs9NKaMOSFo86S,137195,4,Dark Trap,My Closet Is A Graveyard,,
0.693,0.685,7,-5.276,1,0.0592,0.122,0.0,0.113,0.325,201.90599999999998,audio_features,0JkLImaybz8gfwyyPpslVW,spotify:track:0JkLImaybz8gfwyyPpslVW,https://api.spotify.com/v1/tracks/0JkLImaybz8gfwyyPpslVW,https://api.spotify.com/v1/audio-analysis/0JkLImaybz8gfwyyPpslVW,152137,4,Dark Trap,CLYDE (I Hope At Least One Of My Ex-Girlfriends Hears This),,
0.626,0.603,5,-9.047,0,0.207,0.045,0.00022799999999999999,0.133,0.138,113.07799999999999,audio_features,6qqVvmMtIeEKR0ZWX5B6rW,spotify:track:6qqVvmMtIeEKR0ZWX5B6rW,https://api.spotify.com/v1/tracks/6qqVvmMtIeEKR0ZWX5B6rW,https://api.spotify.com/v1/audio-analysis/6qqVvmMtIeEKR0ZWX5B6rW,474157,4,Dark Trap,I No Longer Fear The Razor Guarding My Heel (IV),,
0.728,0.662,7,-8.341000000000001,1,0.0721,0.007520000000000001,0.0,0.441,0.146,134.90200000000002,audio_features,0muyqlnerINIqPQ3rTMAaI,spotify:track:0muyqlnerINIqPQ3rTMAaI,https://api.spotify.com/v1/tracks/0muyqlnerINIqPQ3rTMAaI,https://api.spotify.com/v1/audio-analysis/0muyqlnerINIqPQ3rTMAaI,145582,4,Dark Trap,WAR TIME ALL THE TIME,,
0.7090000000000001,0.53,7,-9.647,1,0.0904,0.0139,0.0007509999999999999,0.113,0.0659,116.085,audio_features,2G3hqr0137dip6uSLQNTnY,spotify:track:2G3hqr0137dip6uSLQNTnY,https://api.spotify.com/v1/tracks/2G3hqr0137dip6uSLQNTnY,https://api.spotify.com/v1/audio-analysis/2G3hqr0137dip6uSLQNTnY,149002,4,Dark Trap,BetterOffDead,,
0.713,0.47,9,-8.698,1,0.0864,0.606,1.3500000000000001e-05,0.306,0.0825,169.03599999999997,audio_features,5Kjz86OFAoN6D4kF1BTSEc,spotify:track:5Kjz86OFAoN6D4kF1BTSEc,https://api.spotify.com/v1/tracks/5Kjz86OFAoN6D4kF1BTSEc,https://api.spotify.com/v1/audio-analysis/5Kjz86OFAoN6D4kF1BTSEc,187587,4,Dark Trap,Moon & Stars (feat. Maggie Lindemann),,
0.701,0.46399999999999997,5,-8.952,1,0.10099999999999999,0.773,0.755,0.11900000000000001,0.359,140.955,audio_features,60ABqMtWZFSWw1sxuzo8Pe,spotify:track:60ABqMtWZFSWw1sxuzo8Pe,https://api.spotify.com/v1/tracks/60ABqMtWZFSWw1sxuzo8Pe,https://api.spotify.com/v1/audio-analysis/60ABqMtWZFSWw1sxuzo8Pe,127080,4,Dark Trap,Pikachu,,
0.7879999999999999,0.31,1,-14.464,1,0.22899999999999998,0.26,0.0283,0.0923,0.6509999999999999,150.026,audio_features,6tmGn6eceVZPlPw1iFCou7,spotify:track:6tmGn6eceVZPlPw1iFCou7,https://api.spotify.com/v1/tracks/6tmGn6eceVZPlPw1iFCou7,https://api.spotify.com/v1/audio-analysis/6tmGn6eceVZPlPw1iFCou7,128216,4,Dark Trap,Finesse,,
0.642,0.556,10,-9.31,0,0.0989,0.0314,0.004379999999999999,0.0734,0.0671,157.476,audio_features,5ZSx8uBPD30XosprTCSHXs,spotify:track:5ZSx8uBPD30XosprTCSHXs,https://api.spotify.com/v1/tracks/5ZSx8uBPD30XosprTCSHXs,https://api.spotify.com/v1/audio-analysis/5ZSx8uBPD30XosprTCSHXs,188389,3,Dark Trap,Trees of the Valley,,
0.741,0.782,2,-6.52,0,0.0282,0.6990000000000001,2.35e-06,0.222,0.32799999999999996,111.005,audio_features,3OEnY5jdjIZcvl4zMG5DDj,spotify:track:3OEnY5jdjIZcvl4zMG5DDj,https://api.spotify.com/v1/tracks/3OEnY5jdjIZcvl4zMG5DDj,https://api.spotify.com/v1/audio-analysis/3OEnY5jdjIZcvl4zMG5DDj,157855,4,Dark Trap,I'm Okay,,
0.7,0.764,1,-12.29,0,0.306,0.382,0.0341,0.0991,0.456,190.06,audio_features,6FxKi0jjol5jGHwB6gKsIf,spotify:track:6FxKi0jjol5jGHwB6gKsIf,https://api.spotify.com/v1/tracks/6FxKi0jjol5jGHwB6gKsIf,https://api.spotify.com/v1/audio-analysis/6FxKi0jjol5jGHwB6gKsIf,128888,4,Dark Trap,Dead,,
0.836,0.314,3,-13.037,0,0.374,0.0851,0.000663,0.11699999999999999,0.259,153.938,audio_features,5jePnaNKWIp5AZKSWH7vT0,spotify:track:5jePnaNKWIp5AZKSWH7vT0,https://api.spotify.com/v1/tracks/5jePnaNKWIp5AZKSWH7vT0,https://api.spotify.com/v1/audio-analysis/5jePnaNKWIp5AZKSWH7vT0,148454,4,Dark Trap,Sorrow,,
0.525,0.6509999999999999,8,-9.845,0,0.0551,0.14400000000000002,0.0018100000000000002,0.107,0.32299999999999995,163.90900000000002,audio_features,0RmA4aqXxeznvEHLxVTfVg,spotify:track:0RmA4aqXxeznvEHLxVTfVg,https://api.spotify.com/v1/tracks/0RmA4aqXxeznvEHLxVTfVg,https://api.spotify.com/v1/audio-analysis/0RmA4aqXxeznvEHLxVTfVg,152268,4,Dark Trap,cursed,,
0.742,0.6559999999999999,0,-4.756,0,0.078,0.0563,0.0,0.447,0.733,154.034,audio_features,79bRKSHvXihtxJGOf2zgf6,spotify:track:79bRKSHvXihtxJGOf2zgf6,https://api.spotify.com/v1/tracks/79bRKSHvXihtxJGOf2zgf6,https://api.spotify.com/v1/audio-analysis/79bRKSHvXihtxJGOf2zgf6,162078,4,Dark Trap,Sore Loser,,
0.726,0.37,8,-9.555,1,0.12,0.804,0.00624,0.10800000000000001,0.273,133.952,audio_features,7M6wUOOqbg1P3AxYPXsL9W,spotify:track:7M6wUOOqbg1P3AxYPXsL9W,https://api.spotify.com/v1/tracks/7M6wUOOqbg1P3AxYPXsL9W,https://api.spotify.com/v1/audio-analysis/7M6wUOOqbg1P3AxYPXsL9W,188060,4,Dark Trap,Tutorial on How to Smile,,
0.669,0.49200000000000005,8,-8.869,1,0.0876,0.0621,0.00017900000000000001,0.0868,0.304,178.09599999999998,audio_features,0a58S0ERta0i8nAUuGoMv0,spotify:track:0a58S0ERta0i8nAUuGoMv0,https://api.spotify.com/v1/tracks/0a58S0ERta0i8nAUuGoMv0,https://api.spotify.com/v1/audio-analysis/0a58S0ERta0i8nAUuGoMv0,145240,4,Dark Trap,666,,
0.556,0.609,1,-6.226,0,0.0652,0.034,4.44e-05,0.111,0.258,150.079,audio_features,0O9zl4MhvgFltjK63ZRyWJ,spotify:track:0O9zl4MhvgFltjK63ZRyWJ,https://api.spotify.com/v1/tracks/0O9zl4MhvgFltjK63ZRyWJ,https://api.spotify.com/v1/audio-analysis/0O9zl4MhvgFltjK63ZRyWJ,209600,4,Dark Trap,Impossible,,
0.763,0.753,2,-6.489,1,0.124,0.18,6.56e-05,0.129,0.532,155.004,audio_features,4Bq4T2VCkJ1qr4747OTrxM,spotify:track:4Bq4T2VCkJ1qr4747OTrxM,https://api.spotify.com/v1/tracks/4Bq4T2VCkJ1qr4747OTrxM,https://api.spotify.com/v1/audio-analysis/4Bq4T2VCkJ1qr4747OTrxM,136356,4,Dark Trap,Bandaid,,
0.73,0.79,9,-4.711,1,0.16699999999999998,0.36,0.0,0.115,0.526,160.116,audio_features,2Ell8LRPEMkB3DGWHD7N18,spotify:track:2Ell8LRPEMkB3DGWHD7N18,https://api.spotify.com/v1/tracks/2Ell8LRPEMkB3DGWHD7N18,https://api.spotify.com/v1/audio-analysis/2Ell8LRPEMkB3DGWHD7N18,213107,4,Dark Trap,Zero,,
0.618,0.499,10,-13.072000000000001,1,0.0928,0.336,0.0,0.0993,0.32899999999999996,159.959,audio_features,5Wagk1Bq29LHNU8QFqcnCy,spotify:track:5Wagk1Bq29LHNU8QFqcnCy,https://api.spotify.com/v1/tracks/5Wagk1Bq29LHNU8QFqcnCy,https://api.spotify.com/v1/audio-analysis/5Wagk1Bq29LHNU8QFqcnCy,191731,4,Dark Trap,Pain or Pleasure,,
0.619,0.639,4,-9.892999999999999,1,0.0502,0.0115,0.0,0.0842,0.382,164.99,audio_features,5O0xcHFDqGGYcaSj22qlV7,spotify:track:5O0xcHFDqGGYcaSj22qlV7,https://api.spotify.com/v1/tracks/5O0xcHFDqGGYcaSj22qlV7,https://api.spotify.com/v1/audio-analysis/5O0xcHFDqGGYcaSj22qlV7,101383,4,Dark Trap,Lonely Lullaby,,
0.853,0.28800000000000003,6,-13.689,0,0.11,0.675,7.43e-05,0.0771,0.28800000000000003,156.029,audio_features,1pGeXtQjjlDivF1k1r8m0x,spotify:track:1pGeXtQjjlDivF1k1r8m0x,https://api.spotify.com/v1/tracks/1pGeXtQjjlDivF1k1r8m0x,https://api.spotify.com/v1/audio-analysis/1pGeXtQjjlDivF1k1r8m0x,167915,5,Dark Trap,Feel It All,,
0.58,0.514,7,-8.05,0,0.0538,0.307,0.0,0.0923,0.0959,195.628,audio_features,43b7hf6pQItY8ITakZI3PN,spotify:track:43b7hf6pQItY8ITakZI3PN,https://api.spotify.com/v1/tracks/43b7hf6pQItY8ITakZI3PN,https://api.spotify.com/v1/audio-analysis/43b7hf6pQItY8ITakZI3PN,195925,4,Dark Trap,Faraway,,
0.7290000000000001,0.6970000000000001,3,-7.306,0,0.139,0.35,0.0,0.0575,0.765,163.00799999999998,audio_features,1NG4Pf3HIwxGn6VFhvr5ei,spotify:track:1NG4Pf3HIwxGn6VFhvr5ei,https://api.spotify.com/v1/tracks/1NG4Pf3HIwxGn6VFhvr5ei,https://api.spotify.com/v1/audio-analysis/1NG4Pf3HIwxGn6VFhvr5ei,183457,4,Dark Trap,King of the Sheets,,
0.713,0.245,1,-15.439,1,0.287,0.716,0.20800000000000002,0.157,0.128,152.018,audio_features,4J2zUfPIOincsWcsp84oqO,spotify:track:4J2zUfPIOincsWcsp84oqO,https://api.spotify.com/v1/tracks/4J2zUfPIOincsWcsp84oqO,https://api.spotify.com/v1/audio-analysis/4J2zUfPIOincsWcsp84oqO,154413,4,Dark Trap,Humble,,
0.6829999999999999,0.595,1,-5.733,0,0.0691,0.0511,0.0,0.109,0.0557,160.037,audio_features,40BXhttVzavGpJFCuP5VT3,spotify:track:40BXhttVzavGpJFCuP5VT3,https://api.spotify.com/v1/tracks/40BXhttVzavGpJFCuP5VT3,https://api.spotify.com/v1/audio-analysis/40BXhttVzavGpJFCuP5VT3,180062,4,Dark Trap,nobody,,
0.713,0.632,1,-7.685,1,0.105,0.0589,1.44e-06,0.105,0.373,170.00900000000001,audio_features,33BCQDhwZyiudb8Mud33tb,spotify:track:33BCQDhwZyiudb8Mud33tb,https://api.spotify.com/v1/tracks/33BCQDhwZyiudb8Mud33tb,https://api.spotify.com/v1/audio-analysis/33BCQDhwZyiudb8Mud33tb,181290,4,Dark Trap,romance361,,
0.74,0.55,10,-8.369,0,0.25,0.396,0.0,0.887,0.37799999999999995,208.166,audio_features,6Y4CI6as0a7QjXaPiqU4Jt,spotify:track:6Y4CI6as0a7QjXaPiqU4Jt,https://api.spotify.com/v1/tracks/6Y4CI6as0a7QjXaPiqU4Jt,https://api.spotify.com/v1/audio-analysis/6Y4CI6as0a7QjXaPiqU4Jt,303788,4,Dark Trap,"Fetti (feat. Da$H, Maxo Kream)",,
0.713,0.909,1,-4.111000000000001,1,0.255,0.0522,5.610000000000001e-05,0.0729,0.506,189.922,audio_features,2bbQGScZDUqEy786LwjDzu,spotify:track:2bbQGScZDUqEy786LwjDzu,https://api.spotify.com/v1/tracks/2bbQGScZDUqEy786LwjDzu,https://api.spotify.com/v1/audio-analysis/2bbQGScZDUqEy786LwjDzu,103848,4,Dark Trap,Zika!,,
0.654,0.895,3,-5.285,1,0.0715,0.0425,0.00165,0.152,0.33299999999999996,125.029,audio_features,1tzCOK6HzBdhnQilGfG0U8,spotify:track:1tzCOK6HzBdhnQilGfG0U8,https://api.spotify.com/v1/tracks/1tzCOK6HzBdhnQilGfG0U8,https://api.spotify.com/v1/audio-analysis/1tzCOK6HzBdhnQilGfG0U8,139200,4,Dark Trap,RECREATE,,
0.755,0.561,0,-9.177999999999999,1,0.0467,0.0018800000000000002,0.00939,0.309,0.289,115.053,audio_features,7rjkEHShjeeBFxN30g6OWm,spotify:track:7rjkEHShjeeBFxN30g6OWm,https://api.spotify.com/v1/tracks/7rjkEHShjeeBFxN30g6OWm,https://api.spotify.com/v1/audio-analysis/7rjkEHShjeeBFxN30g6OWm,168046,4,Dark Trap,500 on Me,,
0.718,0.44299999999999995,2,-12.369000000000002,0,0.0458,0.9109999999999999,4.71e-05,0.0972,0.442,218.082,audio_features,4U9kJBr61UhO5srPib7zyz,spotify:track:4U9kJBr61UhO5srPib7zyz,https://api.spotify.com/v1/tracks/4U9kJBr61UhO5srPib7zyz,https://api.spotify.com/v1/audio-analysis/4U9kJBr61UhO5srPib7zyz,255530,4,Dark Trap,Running Miles,,
0.9109999999999999,0.574,1,-10.969000000000001,1,0.304,0.0105,0.0,0.10800000000000001,0.506,200.00799999999998,audio_features,3JPwUtpQjDKzR74KgsbxfY,spotify:track:3JPwUtpQjDKzR74KgsbxfY,https://api.spotify.com/v1/tracks/3JPwUtpQjDKzR74KgsbxfY,https://api.spotify.com/v1/audio-analysis/3JPwUtpQjDKzR74KgsbxfY,151671,4,Dark Trap,Toni Hawk Freestyle,,
0.424,0.581,8,-8.876,1,0.247,0.736,9.75e-06,0.12,0.299,168.08,audio_features,7le1UOidbpfS03K4OKyRZC,spotify:track:7le1UOidbpfS03K4OKyRZC,https://api.spotify.com/v1/tracks/7le1UOidbpfS03K4OKyRZC,https://api.spotify.com/v1/audio-analysis/7le1UOidbpfS03K4OKyRZC,182909,4,Dark Trap,8:45,,
0.7859999999999999,0.708,11,-4.209,1,0.326,0.0192,0.00394,0.498,0.373,145.941,audio_features,4rmgNL6vekBgxzzYjynJ0w,spotify:track:4rmgNL6vekBgxzzYjynJ0w,https://api.spotify.com/v1/tracks/4rmgNL6vekBgxzzYjynJ0w,https://api.spotify.com/v1/audio-analysis/4rmgNL6vekBgxzzYjynJ0w,120930,4,Dark Trap,Jesus Wept,,
0.805,0.604,11,-4.466,0,0.106,0.501,0.0,0.115,0.391,159.923,audio_features,0jmovjkvarVaUm1GXLS67C,spotify:track:0jmovjkvarVaUm1GXLS67C,https://api.spotify.com/v1/tracks/0jmovjkvarVaUm1GXLS67C,https://api.spotify.com/v1/audio-analysis/0jmovjkvarVaUm1GXLS67C,169295,4,Dark Trap,Delusions Of Grandeur,,
0.857,0.731,1,-6.354,1,0.0754,0.0822,0.000364,0.324,0.609,140.002,audio_features,0TKg8mG9qQX31U5qWoECjr,spotify:track:0TKg8mG9qQX31U5qWoECjr,https://api.spotify.com/v1/tracks/0TKg8mG9qQX31U5qWoECjr,https://api.spotify.com/v1/audio-analysis/0TKg8mG9qQX31U5qWoECjr,152880,4,Dark Trap,Naloxone,,
0.8959999999999999,0.134,7,-10.806,1,0.374,0.0809,0.42700000000000005,0.10400000000000001,0.12,201.97799999999998,audio_features,3oFWM46ktEX3YcUzTcLYRw,spotify:track:3oFWM46ktEX3YcUzTcLYRw,https://api.spotify.com/v1/tracks/3oFWM46ktEX3YcUzTcLYRw,https://api.spotify.com/v1/audio-analysis/3oFWM46ktEX3YcUzTcLYRw,133510,4,Dark Trap,Feel It Too (It's Too Much),,
0.765,0.358,6,-10.85,0,0.15,0.627,6.28e-06,0.0996,0.539,140.997,audio_features,7sDOIPf6MiNPfFbI2LNyJC,spotify:track:7sDOIPf6MiNPfFbI2LNyJC,https://api.spotify.com/v1/tracks/7sDOIPf6MiNPfFbI2LNyJC,https://api.spotify.com/v1/audio-analysis/7sDOIPf6MiNPfFbI2LNyJC,153839,4,Dark Trap,Tell Me When I'm Good Enough,,
0.897,0.5920000000000001,6,-7.921,0,0.375,0.122,0.0,0.16699999999999998,0.7340000000000001,150.148,audio_features,79u8mQeeEuC7HPJ3IL8eQa,spotify:track:79u8mQeeEuC7HPJ3IL8eQa,https://api.spotify.com/v1/tracks/79u8mQeeEuC7HPJ3IL8eQa,https://api.spotify.com/v1/audio-analysis/79u8mQeeEuC7HPJ3IL8eQa,147195,4,Dark Trap,He Got Game,,
0.8370000000000001,0.52,2,-9.885,1,0.35100000000000003,0.508,0.00587,0.369,0.615,154.026,audio_features,1ClgwVcgRJk8urWJrswJt3,spotify:track:1ClgwVcgRJk8urWJrswJt3,https://api.spotify.com/v1/tracks/1ClgwVcgRJk8urWJrswJt3,https://api.spotify.com/v1/audio-analysis/1ClgwVcgRJk8urWJrswJt3,162183,4,Dark Trap,Portola (Blood Clot!),,
0.76,0.499,1,-9.082,1,0.0855,0.145,0.00758,0.20199999999999999,0.685,146.004,audio_features,75CgFbAetbWG7wiLM8o8ao,spotify:track:75CgFbAetbWG7wiLM8o8ao,https://api.spotify.com/v1/tracks/75CgFbAetbWG7wiLM8o8ao,https://api.spotify.com/v1/audio-analysis/75CgFbAetbWG7wiLM8o8ao,144661,4,Dark Trap,Scars,,
0.857,0.506,7,-12.557,1,0.168,0.547,1.94e-06,0.127,0.64,147.98,audio_features,6OGMWDQw0oMukC3njQZKHt,spotify:track:6OGMWDQw0oMukC3njQZKHt,https://api.spotify.com/v1/tracks/6OGMWDQw0oMukC3njQZKHt,https://api.spotify.com/v1/audio-analysis/6OGMWDQw0oMukC3njQZKHt,116870,4,Dark Trap,El Paseo,,
0.61,0.745,11,-4.7860000000000005,1,0.45399999999999996,0.0022600000000000003,4.31e-05,0.38,0.6609999999999999,140.786,audio_features,59QIV9Zl0kn239iwBYr53I,spotify:track:59QIV9Zl0kn239iwBYr53I,https://api.spotify.com/v1/tracks/59QIV9Zl0kn239iwBYr53I,https://api.spotify.com/v1/audio-analysis/59QIV9Zl0kn239iwBYr53I,205558,4,Dark Trap,Nightmare From The Northside,,
0.831,0.332,8,-10.33,1,0.287,0.0983,1.82e-06,0.151,0.574,141.02,audio_features,44xPZKQvx7M3dCAkqmYhpR,spotify:track:44xPZKQvx7M3dCAkqmYhpR,https://api.spotify.com/v1/tracks/44xPZKQvx7M3dCAkqmYhpR,https://api.spotify.com/v1/audio-analysis/44xPZKQvx7M3dCAkqmYhpR,146691,4,Dark Trap,Violent Secrets,,
0.804,0.451,8,-9.504,0,0.295,0.193,2.96e-06,0.24100000000000002,0.565,147.97799999999998,audio_features,0OniZwK42VEjCORCXvfOt5,spotify:track:0OniZwK42VEjCORCXvfOt5,https://api.spotify.com/v1/tracks/0OniZwK42VEjCORCXvfOt5,https://api.spotify.com/v1/audio-analysis/0OniZwK42VEjCORCXvfOt5,181661,4,Dark Trap,Side Effects,,
0.882,0.593,3,-8.582,0,0.48100000000000004,0.516,0.000271,0.716,0.745,141.97299999999998,audio_features,3y3UcIlkLGOW5tYFM31MjX,spotify:track:3y3UcIlkLGOW5tYFM31MjX,https://api.spotify.com/v1/tracks/3y3UcIlkLGOW5tYFM31MjX,https://api.spotify.com/v1/audio-analysis/3y3UcIlkLGOW5tYFM31MjX,165724,4,Dark Trap,Carcosa,,
0.963,0.693,8,-8.37,1,0.40399999999999997,0.215,0.0,0.115,0.563,112.007,audio_features,34lWsa3tXCpARgRzqGFGZa,spotify:track:34lWsa3tXCpARgRzqGFGZa,https://api.spotify.com/v1/tracks/34lWsa3tXCpARgRzqGFGZa,https://api.spotify.com/v1/audio-analysis/34lWsa3tXCpARgRzqGFGZa,128599,4,Dark Trap,Fight Club (Psychosis),,
0.91,0.528,5,-9.201,0,0.344,0.627,2.3e-06,0.18,0.583,140.00799999999998,audio_features,454mpbyyyRM35vuUdrWRfa,spotify:track:454mpbyyyRM35vuUdrWRfa,https://api.spotify.com/v1/tracks/454mpbyyyRM35vuUdrWRfa,https://api.spotify.com/v1/audio-analysis/454mpbyyyRM35vuUdrWRfa,131877,4,Dark Trap,Percosets & Papers,,
0.757,0.6409999999999999,1,-9.375,1,0.0695,0.314,6.25e-06,0.122,0.39399999999999996,148.869,audio_features,69u18xouD7NFKLClyIdDW3,spotify:track:69u18xouD7NFKLClyIdDW3,https://api.spotify.com/v1/tracks/69u18xouD7NFKLClyIdDW3,https://api.spotify.com/v1/audio-analysis/69u18xouD7NFKLClyIdDW3,131457,4,Dark Trap,PTSD,,
0.809,0.816,11,-6.999,0,0.35700000000000004,0.149,2.58e-05,0.381,0.5489999999999999,140.02100000000002,audio_features,3dRAIP6sWH2nIEvAzhPrx9,spotify:track:3dRAIP6sWH2nIEvAzhPrx9,https://api.spotify.com/v1/tracks/3dRAIP6sWH2nIEvAzhPrx9,https://api.spotify.com/v1/audio-analysis/3dRAIP6sWH2nIEvAzhPrx9,151299,4,Dark Trap,El Guerro,,
0.813,0.521,2,-9.816,1,0.0872,0.627,0.00013000000000000002,0.475,0.684,139.964,audio_features,3OuE9lNzz30D7qJ1jO1u7U,spotify:track:3OuE9lNzz30D7qJ1jO1u7U,https://api.spotify.com/v1/tracks/3OuE9lNzz30D7qJ1jO1u7U,https://api.spotify.com/v1/audio-analysis/3OuE9lNzz30D7qJ1jO1u7U,151906,4,Dark Trap,The Devil I Know,,
0.6890000000000001,0.496,2,-9.54,1,0.0391,0.141,0.344,0.0993,0.314,134.988,audio_features,1eI4Xm3Ez0cTrYbSUhBh0V,spotify:track:1eI4Xm3Ez0cTrYbSUhBh0V,https://api.spotify.com/v1/tracks/1eI4Xm3Ez0cTrYbSUhBh0V,https://api.spotify.com/v1/audio-analysis/1eI4Xm3Ez0cTrYbSUhBh0V,172667,4,Dark Trap,Lost Child,,
0.831,0.636,9,-8.847999999999999,1,0.23,0.000916,8.5e-06,0.281,0.353,186.054,audio_features,3VWcCQGmYVUGfS5vCz8HqX,spotify:track:3VWcCQGmYVUGfS5vCz8HqX,https://api.spotify.com/v1/tracks/3VWcCQGmYVUGfS5vCz8HqX,https://api.spotify.com/v1/audio-analysis/3VWcCQGmYVUGfS5vCz8HqX,175484,4,Dark Trap,GIDDY UP!,,
0.792,0.862,6,-6.4239999999999995,0,0.428,0.0569,9.72e-06,0.18100000000000002,0.345,137.887,audio_features,1QSMyV4BAvNRwIpRzS8zWn,spotify:track:1QSMyV4BAvNRwIpRzS8zWn,https://api.spotify.com/v1/tracks/1QSMyV4BAvNRwIpRzS8zWn,https://api.spotify.com/v1/audio-analysis/1QSMyV4BAvNRwIpRzS8zWn,167027,4,Dark Trap,Now I'm Up To My Neck With Offers,,
0.6829999999999999,0.59,5,-5.12,0,0.161,0.0032600000000000003,0.0,0.23600000000000002,0.316,159.998,audio_features,587E2XaJzfaZ0X28EqWVTW,spotify:track:587E2XaJzfaZ0X28EqWVTW,https://api.spotify.com/v1/tracks/587E2XaJzfaZ0X28EqWVTW,https://api.spotify.com/v1/audio-analysis/587E2XaJzfaZ0X28EqWVTW,86021,4,Dark Trap,It's Hard To Win When You Always Lose,,
0.7609999999999999,0.684,1,-8.797,1,0.0819,0.00807,0.0,0.11699999999999999,0.184,174.03,audio_features,6SMf6mb3kG4pLSnofuuSA0,spotify:track:6SMf6mb3kG4pLSnofuuSA0,https://api.spotify.com/v1/tracks/6SMf6mb3kG4pLSnofuuSA0,https://api.spotify.com/v1/audio-analysis/6SMf6mb3kG4pLSnofuuSA0,110420,4,Dark Trap,BREAKDALAW2K16,,
0.469,0.7170000000000001,4,-4.9719999999999995,0,0.187,0.423,0.00147,0.128,0.272,163.984,audio_features,6IaQbSPciJ5iOTD1JNd3DG,spotify:track:6IaQbSPciJ5iOTD1JNd3DG,https://api.spotify.com/v1/tracks/6IaQbSPciJ5iOTD1JNd3DG,https://api.spotify.com/v1/audio-analysis/6IaQbSPciJ5iOTD1JNd3DG,130978,4,Dark Trap,Chariot Of Fire,,
0.7509999999999999,0.684,2,-6.975,0,0.0747,0.0963,0.0,0.135,0.217,199.97400000000002,audio_features,23WXRgbppbqQyfeMC8Q5mE,spotify:track:23WXRgbppbqQyfeMC8Q5mE,https://api.spotify.com/v1/tracks/23WXRgbppbqQyfeMC8Q5mE,https://api.spotify.com/v1/audio-analysis/23WXRgbppbqQyfeMC8Q5mE,173035,4,Dark Trap,Reign In Blood,,
0.862,0.716,0,-4.686,1,0.171,0.11900000000000001,0.0,0.145,0.252,215.898,audio_features,3McLVlcBNlJ6CAIcP3ZyVN,spotify:track:3McLVlcBNlJ6CAIcP3ZyVN,https://api.spotify.com/v1/tracks/3McLVlcBNlJ6CAIcP3ZyVN,https://api.spotify.com/v1/audio-analysis/3McLVlcBNlJ6CAIcP3ZyVN,111177,4,Dark Trap,Jeffer Drive,,
0.77,0.603,8,-7.354,1,0.0815,0.27899999999999997,0.0,0.124,0.135,209.93400000000003,audio_features,2EcaKs9n4CAdPCvXBuhd8l,spotify:track:2EcaKs9n4CAdPCvXBuhd8l,https://api.spotify.com/v1/tracks/2EcaKs9n4CAdPCvXBuhd8l,https://api.spotify.com/v1/audio-analysis/2EcaKs9n4CAdPCvXBuhd8l,127922,4,Dark Trap,Eclipse,,
0.797,0.516,1,-6.2860000000000005,1,0.0831,0.005379999999999999,0.431,0.0728,0.0477,219.99400000000003,audio_features,4VsMart0lkjUtyQnmxloK6,spotify:track:4VsMart0lkjUtyQnmxloK6,https://api.spotify.com/v1/tracks/4VsMart0lkjUtyQnmxloK6,https://api.spotify.com/v1/audio-analysis/4VsMart0lkjUtyQnmxloK6,169320,4,Dark Trap,$outh $ide $uicide,,
0.521,0.976,8,-2.095,1,0.155,0.03,0.0,0.319,0.419,125.087,audio_features,5sCTiqZZaV4Krw2UBfHg5F,spotify:track:5sCTiqZZaV4Krw2UBfHg5F,https://api.spotify.com/v1/tracks/5sCTiqZZaV4Krw2UBfHg5F,https://api.spotify.com/v1/audio-analysis/5sCTiqZZaV4Krw2UBfHg5F,96330,4,Dark Trap,Body Drop,,
0.5920000000000001,0.79,1,-3.408,1,0.344,0.82,0.0,0.28600000000000003,0.26,130.2,audio_features,3jPFTYD6iVB6BZEw0A8UZi,spotify:track:3jPFTYD6iVB6BZEw0A8UZi,https://api.spotify.com/v1/tracks/3jPFTYD6iVB6BZEw0A8UZi,https://api.spotify.com/v1/audio-analysis/3jPFTYD6iVB6BZEw0A8UZi,92317,4,Dark Trap,I Am Your God,,
0.775,0.713,9,-7.64,1,0.0588,0.00131,0.0989,0.147,0.22699999999999998,138.017,audio_features,4VhGpACdphsbd9XuDkllIQ,spotify:track:4VhGpACdphsbd9XuDkllIQ,https://api.spotify.com/v1/tracks/4VhGpACdphsbd9XuDkllIQ,https://api.spotify.com/v1/audio-analysis/4VhGpACdphsbd9XuDkllIQ,208696,4,Dark Trap,You Talk Too Much,,
0.736,0.5589999999999999,7,-9.225,0,0.293,0.5589999999999999,0.0009599999999999999,0.0886,0.0354,150.049,audio_features,6LsMmm02qu6SOmp9JeaIyC,spotify:track:6LsMmm02qu6SOmp9JeaIyC,https://api.spotify.com/v1/tracks/6LsMmm02qu6SOmp9JeaIyC,https://api.spotify.com/v1/audio-analysis/6LsMmm02qu6SOmp9JeaIyC,179200,4,Dark Trap,To Whom It May Concern,,
0.687,0.653,8,-8.107000000000001,1,0.0696,0.0185,0.534,0.326,0.529,151.069,audio_features,01sxqR719BG4PY2oqIlFHw,spotify:track:01sxqR719BG4PY2oqIlFHw,https://api.spotify.com/v1/tracks/01sxqR719BG4PY2oqIlFHw,https://api.spotify.com/v1/audio-analysis/01sxqR719BG4PY2oqIlFHw,130331,4,Dark Trap,Red Dot,,
0.677,0.757,1,-3.792,1,0.145,0.0445,0.405,0.0471,0.37200000000000005,178.085,audio_features,1COiNBUPlwleekIhF7LOZm,spotify:track:1COiNBUPlwleekIhF7LOZm,https://api.spotify.com/v1/tracks/1COiNBUPlwleekIhF7LOZm,https://api.spotify.com/v1/audio-analysis/1COiNBUPlwleekIhF7LOZm,142570,4,Dark Trap,GOD DAMN,,
0.72,0.628,2,-10.992,1,0.11900000000000001,0.0361,0.0161,0.0777,0.114,120.025,audio_features,505PLM3Jlpd8JdRElUQfSS,spotify:track:505PLM3Jlpd8JdRElUQfSS,https://api.spotify.com/v1/tracks/505PLM3Jlpd8JdRElUQfSS,https://api.spotify.com/v1/audio-analysis/505PLM3Jlpd8JdRElUQfSS,146000,4,Dark Trap,HALF PINT,,
0.623,0.52,9,-5.688,1,0.0318,0.134,0.0,0.2,0.302,144.894,audio_features,5fO6wfeTkBJ2vS6KGJGp0B,spotify:track:5fO6wfeTkBJ2vS6KGJGp0B,https://api.spotify.com/v1/tracks/5fO6wfeTkBJ2vS6KGJGp0B,https://api.spotify.com/v1/audio-analysis/5fO6wfeTkBJ2vS6KGJGp0B,148958,4,Dark Trap,THE FALL BEFORE THE GIVE UP (feat. Clever),,
0.757,0.625,1,-7.271,1,0.14300000000000002,0.336,0.345,0.129,0.389,146.023,audio_features,4zrYnAzX1CMRt9SoZdixMz,spotify:track:4zrYnAzX1CMRt9SoZdixMz,https://api.spotify.com/v1/tracks/4zrYnAzX1CMRt9SoZdixMz,https://api.spotify.com/v1/audio-analysis/4zrYnAzX1CMRt9SoZdixMz,172253,4,Dark Trap,Human (feat. Night Lovell),,
0.73,0.524,10,-10.731,0,0.425,0.795,0.0237,0.276,0.413,130.118,audio_features,50Ox8cLWUFuBZr3xmreDps,spotify:track:50Ox8cLWUFuBZr3xmreDps,https://api.spotify.com/v1/tracks/50Ox8cLWUFuBZr3xmreDps,https://api.spotify.com/v1/audio-analysis/50Ox8cLWUFuBZr3xmreDps,118154,4,Dark Trap,Bar Spit No Jutsu,,
0.735,0.953,5,-3.6439999999999997,1,0.17,0.5670000000000001,0.00106,0.125,0.961,135.972,audio_features,44g5nauCdQyFmcR4S0FRFj,spotify:track:44g5nauCdQyFmcR4S0FRFj,https://api.spotify.com/v1/tracks/44g5nauCdQyFmcR4S0FRFj,https://api.spotify.com/v1/audio-analysis/44g5nauCdQyFmcR4S0FRFj,112980,4,Dark Trap,Cool Guy Syndrome,,
0.728,0.451,1,-8.433,1,0.0731,0.00594,3.04e-05,0.251,0.0971,145.007,audio_features,6P2VbuoEn2k8RtECGqKrOH,spotify:track:6P2VbuoEn2k8RtECGqKrOH,https://api.spotify.com/v1/tracks/6P2VbuoEn2k8RtECGqKrOH,https://api.spotify.com/v1/audio-analysis/6P2VbuoEn2k8RtECGqKrOH,201931,4,Dark Trap,MIDNIGHT BE DA SET,,
0.578,0.61,7,-10.375,1,0.0314,0.00665,0.0,0.177,0.247,160.099,audio_features,65ydl8oApcIUC79hpY0FWh,spotify:track:65ydl8oApcIUC79hpY0FWh,https://api.spotify.com/v1/tracks/65ydl8oApcIUC79hpY0FWh,https://api.spotify.com/v1/audio-analysis/65ydl8oApcIUC79hpY0FWh,159702,4,Dark Trap,Moving on,,
0.8320000000000001,0.47,0,-11.728,1,0.22699999999999998,0.262,0.0,0.15,0.444,140.037,audio_features,6TVNw1N25XaraTHx13D7ai,spotify:track:6TVNw1N25XaraTHx13D7ai,https://api.spotify.com/v1/tracks/6TVNw1N25XaraTHx13D7ai,https://api.spotify.com/v1/audio-analysis/6TVNw1N25XaraTHx13D7ai,151058,4,Dark Trap,I Like the Pain,,
0.779,0.43799999999999994,1,-11.035,1,0.204,0.0069,8.120000000000001e-05,0.33299999999999996,0.322,149.968,audio_features,6b0Vti0WpbSPojWMekM6i4,spotify:track:6b0Vti0WpbSPojWMekM6i4,https://api.spotify.com/v1/tracks/6b0Vti0WpbSPojWMekM6i4,https://api.spotify.com/v1/audio-analysis/6b0Vti0WpbSPojWMekM6i4,195265,4,Dark Trap,Darkness Meets World,,
0.804,0.585,10,-5.82,0,0.198,0.551,0.0862,0.0747,0.505,136.938,audio_features,56mQCKL5wiEF8xL9pWRSjT,spotify:track:56mQCKL5wiEF8xL9pWRSjT,https://api.spotify.com/v1/tracks/56mQCKL5wiEF8xL9pWRSjT,https://api.spotify.com/v1/audio-analysis/56mQCKL5wiEF8xL9pWRSjT,163093,3,Dark Trap,Questioning Your Theory,,
0.852,0.377,10,-7.38,0,0.0679,0.397,0.006509999999999999,0.128,0.312,116.01100000000001,audio_features,1DNck0x9J51ZEnWHyh8JY5,spotify:track:1DNck0x9J51ZEnWHyh8JY5,https://api.spotify.com/v1/tracks/1DNck0x9J51ZEnWHyh8JY5,https://api.spotify.com/v1/audio-analysis/1DNck0x9J51ZEnWHyh8JY5,150831,4,Dark Trap,Sega Hell,,
0.606,0.879,1,-2.353,1,0.385,0.0965,0.0,0.17800000000000002,0.615,129.876,audio_features,2EJp83hBMYVWGt16Ak0gBq,spotify:track:2EJp83hBMYVWGt16Ak0gBq,https://api.spotify.com/v1/tracks/2EJp83hBMYVWGt16Ak0gBq,https://api.spotify.com/v1/audio-analysis/2EJp83hBMYVWGt16Ak0gBq,198236,4,Dark Trap,MASS EXTINCTION,,
0.424,0.406,1,-11.789000000000001,0,0.07200000000000001,0.0363,2.24e-06,0.36200000000000004,0.0799,158.946,audio_features,0yqqMHcfKKEIHMKFUHkOeU,spotify:track:0yqqMHcfKKEIHMKFUHkOeU,https://api.spotify.com/v1/tracks/0yqqMHcfKKEIHMKFUHkOeU,https://api.spotify.com/v1/audio-analysis/0yqqMHcfKKEIHMKFUHkOeU,125543,4,Dark Trap,Know Me,,
0.753,0.337,8,-15.855,1,0.39,0.0504,0.000394,0.10099999999999999,0.431,159.98,audio_features,1KyS8OVFJipPh79jQAazba,spotify:track:1KyS8OVFJipPh79jQAazba,https://api.spotify.com/v1/tracks/1KyS8OVFJipPh79jQAazba,https://api.spotify.com/v1/audio-analysis/1KyS8OVFJipPh79jQAazba,180414,4,Dark Trap,16!,,
0.509,0.542,3,-8.027000000000001,0,0.442,0.019,0.00639,0.23,0.151,195.53400000000002,audio_features,4aOOExMBUyxKnEYb39SrTg,spotify:track:4aOOExMBUyxKnEYb39SrTg,https://api.spotify.com/v1/tracks/4aOOExMBUyxKnEYb39SrTg,https://api.spotify.com/v1/audio-analysis/4aOOExMBUyxKnEYb39SrTg,78681,4,Dark Trap,Riot,,
0.708,0.235,11,-16.156,0,0.318,0.772,0.00238,0.10300000000000001,0.16899999999999998,139.998,audio_features,5SFTZsHW3HdCp9f1zbzitS,spotify:track:5SFTZsHW3HdCp9f1zbzitS,https://api.spotify.com/v1/tracks/5SFTZsHW3HdCp9f1zbzitS,https://api.spotify.com/v1/audio-analysis/5SFTZsHW3HdCp9f1zbzitS,120059,4,Dark Trap,Revenge,,
